Time (sec), RPM, Q ind (psf), Axial Force (Lb), Roll Moment (Lb in), Temperature (C)
0.000000,131.354622,4.254521,-0.805913,-0.541914,14.980500
0.250000,133.448989,4.257099,-0.789610,-0.496595,14.972464
0.500000,134.059114,4.257099,-0.797318,-0.403686,14.972464
0.750000,136.220450,4.263404,-0.806709,-0.455058,14.956017
1.000000,140.305750,4.263404,-0.790104,-0.404749,14.956017
1.250000,137.780980,4.267720,-0.788895,-0.442764,14.952580
1.500000,137.156965,4.270507,-0.797840,-0.419852,14.941329
1.750000,136.818792,4.270507,-0.801707,-0.433683,14.941329
2.000000,138.556530,4.273370,-0.822833,-0.538527,14.935868
2.250000,136.266082,4.273370,-0.811982,-0.396450,14.935868
2.500000,132.695290,4.278513,-0.832848,-0.570378,14.931850
2.750000,137.278567,4.278513,-0.766587,-0.439464,14.931850
3.000000,139.912729,4.282103,-0.805355,-0.460449,14.918918
3.250000,138.300233,4.282103,-0.794719,-0.472284,14.918918
3.500000,140.995250,4.287588,-0.775675,-0.422082,14.904416
3.750000,137.531876,4.287588,-0.802174,-0.310825,14.904416
4.000000,141.310716,4.289786,-0.773773,-0.399154,14.899510
4.250000,135.016160,4.289786,-0.796065,-0.422902,14.899510
4.500000,133.184611,4.292812,-0.821355,-0.420984,14.892270
4.750000,129.704490,4.292812,-0.795067,-0.447307,14.892270
5.000000,134.370600,4.295349,-0.824871,-0.393672,14.887559
5.250000,135.183089,4.296043,-0.784916,-0.392365,14.893029
5.500000,130.306247,4.296043,-0.817581,-0.393935,14.893029
5.750000,144.169688,4.299307,-0.809728,-0.401508,14.887544
6.000000,136.793058,4.299307,-0.811644,-0.436868,14.887544
6.250000,133.203460,4.302079,-0.807028,-0.482548,14.879207
6.500000,136.834783,4.302079,-0.810832,-0.387878,14.879207
6.750000,141.661871,4.301182,-0.807105,-0.450264,14.876746
7.000000,133.805369,4.301182,-0.800879,-0.462624,14.876746
7.250000,130.585240,4.303806,-0.841323,-0.515497,14.868794
7.500000,140.435467,4.303806,-0.807432,-0.486673,14.868794
7.750000,135.161772,4.308727,-0.807073,-0.389362,14.864721
8.000000,134.579691,4.308727,-0.782576,-0.353735,14.864721
8.250000,138.252830,4.311943,-0.817780,-0.363209,14.861650
8.500000,133.254861,4.316536,-0.809103,-0.395754,14.856146
8.750000,139.123983,4.316536,-0.817979,-0.389437,14.856146
9.000000,141.596262,4.317184,-0.811349,-0.497465,14.847267
9.250000,139.155846,4.317184,-0.813570,-0.437998,14.847267
9.500000,134.182035,4.317104,-0.811886,-0.471192,14.846192
9.750000,131.805126,4.317104,-0.827589,-0.473080,14.846192
10.000000,131.083790,4.320071,-0.799557,-0.430214,14.840851
10.250000,134.438342,4.320071,-0.833220,-0.344181,14.840851
10.500000,145.154559,4.323435,-0.799422,-0.460755,14.833899
10.750000,138.730328,4.323435,-0.787622,-0.456357,14.833899
11.000000,137.576814,4.324240,-0.779252,-0.464357,14.842471
11.250000,140.703871,4.324240,-0.804094,-0.415797,14.842471
11.500000,141.717916,4.325662,-0.789315,-0.383270,14.841681
11.750000,130.190675,4.327296,-0.798737,-0.382121,14.852220
12.000000,143.374314,4.327296,-0.805740,-0.457124,14.852220
12.250000,135.116876,4.329138,-0.806725,-0.524567,14.852319
12.500000,141.855290,4.329138,-0.779079,-0.390475,14.852319
12.750000,136.906986,4.330456,-0.812811,-0.428322,14.846940
13.000000,137.557495,4.330456,-0.837370,-0.504634,14.846940
13.250000,142.230229,4.331177,-0.820830,-0.434811,14.860484
13.500000,141.149486,4.331177,-0.804683,-0.376350,14.860484
13.750000,135.517422,4.333856,-0.821238,-0.468061,14.864246
14.000000,135.254702,4.333856,-0.811116,-0.452314,14.864246
14.250000,138.739150,4.336323,-0.798532,-0.501743,14.865260
14.500000,135.236791,4.336323,-0.762685,-0.391064,14.865260
14.750000,141.920300,4.339311,-0.792065,-0.391371,14.862616
15.000000,134.113801,4.339311,-0.794576,-0.511780,14.862616
15.250000,133.905781,4.339009,-0.818146,-0.381248,14.871101
15.500000,138.847909,4.338496,-0.803193,-0.374662,14.888674
15.750000,139.314572,4.338496,-0.807687,-0.517976,14.888674
16.000000,135.496765,4.338447,-0.822422,-0.516362,14.900535
16.250000,135.346996,4.338447,-0.805114,-0.498645,14.900535
16.500000,144.061947,4.341034,-0.806365,-0.527881,14.907623
16.750000,134.441354,4.341034,-0.795046,-0.462418,14.907623
17.000000,127.420999,4.344474,-0.836924,-0.517144,14.913446
17.250000,139.978828,4.344474,-0.812076,-0.412615,14.913446
17.500000,132.818661,4.343334,-0.797575,-0.417033,14.933239
17.750000,141.754328,4.343334,-0.802725,-0.446056,14.933239
18.000000,135.392426,4.344345,-0.802433,-0.471410,14.950231
18.250000,138.054808,4.344345,-0.802784,-0.280171,14.950231
18.500000,138.096115,4.346744,-0.782630,-0.348083,14.966856
18.750000,134.063608,4.346744,-0.796441,-0.410544,14.966856
19.000000,137.169899,4.346224,-0.828578,-0.495739,14.982785
19.250000,126.500880,4.345116,-0.808855,-0.389142,15.000829
19.500000,138.614548,4.345116,-0.793902,-0.466509,15.000829
19.750000,137.933016,4.348408,-0.809166,-0.403318,15.021552
20.000000,139.348546,4.348408,-0.780208,-0.404024,15.021552
20.250000,143.603367,4.349523,-0.838136,-0.471027,15.035405
20.500000,136.563438,4.349523,-0.821897,-0.438193,15.035405
20.750000,142.431544,4.349176,-0.801129,-0.465620,15.064217
21.000000,140.841764,4.349176,-0.813490,-0.459554,15.064217
21.250000,133.475336,4.352641,-0.813199,-0.438753,15.086368
21.500000,132.705929,4.352641,-0.769093,-0.351351,15.086368
21.750000,130.909686,4.353408,-0.825131,-0.465332,15.111910
22.000000,135.278716,4.353408,-0.777717,-0.406280,15.111910
22.250000,132.725010,4.353393,-0.766116,-0.388600,15.132726
22.500000,134.470355,4.352881,-0.799586,-0.510260,15.159651
22.750000,131.880813,4.352881,-0.830588,-0.382279,15.159651
23.000000,137.174603,4.353598,-0.833711,-0.494451,15.183754
23.250000,138.663400,4.353598,-0.797456,-0.463339,15.183754
23.500000,138.853934,4.356525,-0.805097,-0.533876,15.206896
23.750000,138.665804,4.356525,-0.839167,-0.436446,15.206896
24.000000,141.400632,4.357575,-0.809299,-0.439328,15.229363
24.250000,132.518346,4.357575,-0.836857,-0.538874,15.229363
24.500000,131.801145,4.359801,-0.795621,-0.431487,15.244268
24.750000,134.648777,4.359801,-0.805552,-0.419926,15.244268
25.000000,145.129982,4.357870,-0.784572,-0.423912,15.267490
25.250000,140.318054,4.357870,-0.780321,-0.479168,15.267490
25.500000,142.841838,4.358362,-0.826843,-0.408249,15.277089
25.750000,139.248695,4.358362,-0.852003,-0.502453,15.277089
26.000000,136.599192,4.360287,-0.836335,-0.443633,15.293560
26.250000,133.470140,4.357852,-0.804091,-0.476184,15.300018
26.500000,134.314952,4.357852,-0.800604,-0.449798,15.300018
26.750000,136.101100,4.358252,-0.811364,-0.629543,15.311559
27.000000,134.633670,4.358252,-0.790827,-0.448215,15.311559
27.250000,143.907755,4.361158,-0.802630,-0.452937,15.314627
27.500000,134.080834,4.361158,-0.791899,-0.461141,15.314627
27.750000,139.171581,4.360992,-0.813436,-0.355399,15.323627
28.000000,141.721264,4.360992,-0.819508,-0.453335,15.323627
28.250000,141.190174,4.364416,-0.799452,-0.458520,15.333751
28.500000,132.701893,4.364416,-0.806916,-0.381939,15.333751
28.750000,138.131086,4.365302,-0.825715,-0.461062,15.340363
29.000000,131.636322,4.365302,-0.812994,-0.388951,15.340363
29.250000,131.224985,4.364935,-0.831269,-0.495951,15.351364
29.500000,142.119896,4.364935,-0.813760,-0.455877,15.351364
29.750000,137.025407,4.366094,-0.789501,-0.455056,15.357530
30.000000,137.486180,4.368211,-0.794934,-0.529123,15.360257
30.250000,137.235785,4.368211,-0.837398,-0.466157,15.360257
30.500000,134.425541,4.367283,-0.774924,-0.385532,15.373265
30.750000,134.437589,4.367283,-0.809119,-0.350439,15.373265
31.000000,140.931498,4.368227,-0.852335,-0.425816,15.387804
31.250000,137.649802,4.368227,-0.816177,-0.417200,15.387804
31.500000,138.319761,4.369049,-0.823461,-0.409856,15.413711
31.750000,129.998510,4.369049,-0.788279,-0.418059,15.413711
32.000000,135.260800,4.368859,-0.818027,-0.362853,15.410710
32.250000,133.770689,4.368859,-0.785314,-0.493843,15.410710
32.500000,138.113996,4.368655,-0.828610,-0.542380,15.426342
32.750000,136.042468,4.368655,-0.803472,-0.522644,15.426342
33.000000,135.338600,4.370955,-0.800862,-0.428369,15.450414
33.250000,136.213105,4.375045,-0.791963,-0.438732,15.471092
33.500000,136.577427,4.375045,-0.810755,-0.431154,15.471092
33.750000,134.652177,4.377989,-0.822063,-0.364595,15.479245
34.000000,131.160442,4.377989,-0.801728,-0.548660,15.479245
34.250000,139.146971,4.376122,-0.817770,-0.434120,15.505542
34.500000,137.269930,4.376122,-0.810907,-0.422868,15.505542
34.750000,360.929393,4.377722,-0.812182,-0.224761,15.522660
35.000000,737.021512,4.377722,-0.805011,0.076071,15.522660
35.250000,1163.579948,4.373233,-0.893547,0.046468,15.523577
35.500000,1623.541350,4.373233,-0.925731,0.128952,15.523577
35.750000,2066.649445,4.374388,-0.994215,0.036043,15.526478
36.000000,2473.589281,4.374388,-0.965458,0.023037,15.526478
36.250000,2831.858407,4.373745,-0.909371,-0.005936,15.533813
36.500000,3126.628452,4.373745,-0.881883,-0.025128,15.533813
36.750000,3282.275711,4.371946,-0.809498,-0.038641,15.541637
37.000000,3339.362738,4.374470,-0.717280,-0.052876,15.549881
37.250000,3401.360544,4.374470,-0.730026,-0.055325,15.549881
37.500000,3413.211975,4.375407,-0.649899,-0.055758,15.561203
37.750000,3427.592117,4.375407,-0.610003,-0.067055,15.561203
38.000000,3419.290497,4.379311,-0.662870,-0.043550,15.573117
38.250000,3435.934145,4.379311,-0.657966,-0.060157,15.573117
38.500000,3423.192127,4.376209,-0.663384,-0.043651,15.576614
38.750000,3424.901891,4.376209,-0.628197,-0.050982,15.576614
39.000000,3411.271409,4.380035,-0.633248,-0.036480,15.582645
39.250000,3444.069742,4.380035,-0.647164,-0.040169,15.582645
39.500000,3439.627374,4.376632,-0.644279,-0.050746,15.584522
39.750000,3425.390709,4.376632,-0.597086,-0.053292,15.584522
40.000000,3439.627374,4.377652,-0.648432,-0.048068,15.582401
40.250000,3452.492268,4.381486,-0.627187,-0.019810,15.588132
40.500000,3450.506793,4.381486,-0.562885,0.002704,15.588132
40.750000,3481.793123,4.382293,-0.630695,0.010278,15.598321
41.000000,3474.232774,4.382293,-0.618710,0.017758,15.598321
41.250000,3441.106889,4.383348,-0.569954,0.011487,15.601310
41.500000,3470.715835,4.383348,-0.557522,0.005126,15.601310
41.750000,3486.345148,4.380547,-0.634752,0.019327,15.593162
42.000000,3491.416933,4.380547,-0.603422,0.025753,15.593162
42.250000,3480.530781,4.381992,-0.505793,0.010521,15.587915
42.500000,3506.721216,4.381992,-0.546917,0.088275,15.587915
42.750000,3551.346552,4.383863,-0.519696,0.087456,15.585090
43.000000,3546.099291,4.383863,-0.526497,0.084314,15.585090
43.250000,3573.023671,4.381135,-0.453300,0.169211,15.579691
43.500000,3594.967046,4.384339,-0.423129,0.169229,15.574388
43.750000,3583.694191,4.384339,-0.456114,0.171934,15.574388
44.000000,3585.835948,4.385496,-0.454470,0.172813,15.574197
44.250000,3580.219288,4.385496,-0.477125,0.167236,15.574197
44.500000,3581.287771,4.384815,-0.375709,0.157103,15.568998
44.750000,3588.516746,4.384815,-0.444897,0.168433,15.568998
45.000000,3591.470258,4.385101,-0.451068,0.166362,15.568601
45.250000,3625.377644,4.385101,-0.422167,0.188064,15.568601
45.500000,3684.654947,4.384635,-0.467066,0.259532,15.572117
45.750000,3674.219228,4.384635,-0.422308,0.268031,15.572117
46.000000,3638.568830,4.384859,-0.334154,0.261344,15.570163
46.250000,3684.372122,4.384859,-0.355190,0.258892,15.570163
46.500000,3694.865676,4.384237,-0.380025,0.256757,15.568409
46.750000,3679.852806,4.384237,-0.384364,0.271630,15.568409
47.000000,3703.989505,4.388141,-0.403713,0.275080,15.558455
47.250000,3684.372122,4.384405,-0.361183,0.271859,15.568810
47.500000,3675.344564,4.384405,-0.349942,0.265515,15.568810
47.750000,3675.344564,4.385519,-0.395661,0.269590,15.574086
48.000000,3694.865676,4.385519,-0.426281,0.263551,15.574086
48.250000,3681.546249,4.385136,-0.382993,0.263905,15.563795
48.500000,3721.218699,4.385136,-0.328163,0.358730,15.563795
48.750000,3780.718336,4.388953,-0.387400,0.386614,15.571130
49.000000,3747.950340,4.388953,-0.330108,0.383880,15.571130
49.250000,3778.932452,4.385167,-0.339531,0.377814,15.570230
49.500000,3770.916804,4.385167,-0.290424,0.389441,15.570230
49.750000,3785.488959,4.389642,-0.317168,0.377745,15.571477
50.000000,3773.584906,4.389642,-0.274096,0.403630,15.571477
50.250000,3848.929516,4.386430,-0.286881,0.505605,15.580488
50.500000,3838.464614,4.386998,-0.194654,0.501962,15.579034
50.750000,3868.783751,4.386998,-0.278325,0.497700,15.579034
51.000000,3874.092010,4.388392,-0.140958,0.485773,15.598236
51.250000,3864.423154,4.388392,-0.267513,0.497680,15.598236
51.500000,3865.979381,4.389700,-0.248687,0.488483,15.597930
51.750000,3863.490019,4.389700,-0.164967,0.493805,15.597930
52.000000,3867.225266,4.389040,-0.200102,0.506703,15.610103
52.250000,3930.560105,4.389040,-0.212857,0.641808,15.610103
52.500000,3935.716628,4.393531,-0.138854,0.646139,15.613624
52.750000,3962.357603,4.393531,-0.136324,0.636274,15.613624
53.000000,3960.396040,4.394436,-0.201650,0.631682,15.644726
53.250000,3958.762887,4.394436,-0.198418,0.621385,15.644726
53.500000,3958.436418,4.393731,-0.149893,0.632812,15.646019
53.750000,3953.545836,4.395473,-0.122973,0.634916,15.649179
54.000000,3969.894963,4.395473,-0.135408,0.618300,15.649179
54.250000,3995.006242,4.393143,-0.154590,0.624994,15.658059
54.500000,4055.766793,4.393143,-0.125262,0.756271,15.658059
54.750000,4045.171077,4.393866,-0.094796,0.780886,15.671463
55.000000,4075.048816,4.393866,-0.074489,0.761461,15.671463
55.250000,4087.889627,4.396186,-0.081469,0.749779,15.691352
55.500000,4070.556309,4.396186,-0.070827,0.760500,15.691352
55.750000,4081.632653,4.393752,-0.062509,0.761810,15.703192
56.000000,4079.898003,4.393752,-0.013107,0.764804,15.703192
56.250000,4122.648802,4.394513,-0.002332,0.795943,15.714349
56.500000,4160.166407,4.394513,0.037572,0.940660,15.714349
56.750000,4150.095106,4.394301,0.018399,0.906117,15.724997
57.000000,4168.113928,4.394301,0.056673,0.908099,15.724997
57.250000,4138.644594,4.395820,0.045545,0.897906,15.733153
57.500000,4153.686397,4.397998,0.051051,0.902342,15.743655
57.750000,4167.752019,4.397998,0.060058,0.899471,15.743655
58.000000,4143.288735,4.397457,0.079633,0.884913,15.747887
58.250000,4163.413999,4.397457,0.028496,0.911376,15.747887
58.500000,4171.373946,4.399457,0.064522,0.911769,15.757014
58.750000,4161.969999,4.399457,0.034747,0.910061,15.757014
59.000000,4237.662223,4.396345,0.097445,1.096706,15.758324
59.250000,4284.949116,4.396345,0.182428,1.083202,15.758324
59.500000,4237.288136,4.396257,0.117676,1.057222,15.771984
59.750000,4259.850905,4.396257,0.151685,1.052311,15.771984
60.000000,4279.600571,4.397655,0.163124,1.058304,15.768772
60.250000,4264.013503,4.397655,0.169349,1.066663,15.768772
60.500000,4278.074866,4.402085,0.138678,1.060604,15.773924
60.750000,4306.091325,4.402085,0.150334,1.061644,15.773924
61.000000,4252.303331,4.397536,0.136528,1.046493,15.781619
61.250000,4259.850905,4.397923,0.176205,1.060403,15.772589
61.500000,4248.163554,4.397923,0.144560,1.058502,15.772589
61.750000,4277.693610,4.397929,0.165652,1.065607,15.769884
62.000000,4264.392324,4.397929,0.172062,1.059398,15.769884
62.250000,4254.564793,4.398293,0.171828,1.055133,15.785302
62.500000,4286.862552,4.398293,0.211331,1.040372,15.785302
62.750000,4284.566634,4.399639,0.137811,1.060637,15.782037
63.000000,4274.646006,4.399639,0.198501,1.052287,15.782037
63.250000,4272.363151,4.398584,0.142360,1.073026,15.791377
63.500000,4365.620737,4.398584,0.290487,1.254981,15.791377
63.750000,4378.762999,4.401038,0.289985,1.219280,15.801899
64.000000,4389.976221,4.401038,0.314921,1.224599,15.801899
64.250000,4378.762999,4.404908,0.285058,1.216696,15.806941
64.500000,4351.373402,4.404609,0.266759,1.207920,15.804305
64.750000,4385.163530,4.404609,0.294255,1.217857,15.804305
65.000000,4352.162481,4.401883,0.298246,1.214905,15.817169
65.250000,4366.017828,4.401883,0.260153,1.224945,15.817169
65.500000,4360.861270,4.400455,0.268565,1.218745,15.819801
65.750000,4371.186595,4.400455,0.284590,1.218378,15.819801
66.000000,4377.964247,4.403129,0.326117,1.211257,15.821665
66.250000,4391.181045,4.403129,0.261927,1.215670,15.821665
66.500000,4362.050164,4.401049,0.272809,1.212853,15.821866
66.750000,4381.960928,4.401049,0.316913,1.225566,15.821866
67.000000,4504.927264,4.403308,0.454202,1.646452,15.827406
67.250000,4545.885027,4.403308,0.457164,1.503509,15.827406
67.500000,4541.583877,4.404101,0.479256,1.505720,15.834125
67.750000,4555.376293,4.401405,0.419795,1.498854,15.846406
68.000000,4545.885027,4.401405,0.496905,1.487927,15.846406
68.250000,4552.352049,4.403849,0.474534,1.504699,15.860080
68.500000,4544.593827,4.403849,0.491732,1.511417,15.860080
68.750000,4564.907275,4.408285,0.510040,1.499660,15.863996
69.000000,4552.783838,4.408285,0.519983,1.529459,15.863996
69.250000,4554.944012,4.404171,0.508681,1.516970,15.864095
69.500000,4527.020655,4.404171,0.518226,1.524842,15.864095
69.750000,4521.477016,4.406280,0.498326,1.515886,15.883840
70.000000,4554.944012,4.406280,0.430167,1.508592,15.883840
70.250000,4559.703619,4.405677,0.499346,1.511440,15.886531
70.500000,4543.303360,4.405677,0.505507,1.498851,15.886531
70.750000,4530.011325,4.405343,0.510600,1.495878,15.912796
71.000000,4613.166747,4.405343,0.505978,1.522724,15.912796
71.250000,4769.949319,4.406005,0.687736,2.047214,15.920827
71.500000,4736.530491,4.406070,0.878647,1.996751,15.929804
71.750000,4745.427583,4.406070,0.753602,1.921394,15.929804
72.000000,4737.465456,4.404769,0.844532,1.990454,15.939503
72.250000,4712.350285,4.404769,0.816071,1.946998,15.939503
72.500000,4769.475358,4.406370,0.850941,1.987266,15.934736
72.750000,4738.400790,4.406370,0.884234,1.958453,15.934736
73.000000,4713.738584,4.406516,0.818471,1.914031,15.940989
73.250000,4753.416518,4.406516,0.845407,2.016157,15.940989
73.500000,4707.728521,4.409053,0.852025,1.973323,15.941720
73.750000,4710.500491,4.409053,0.808149,1.937852,15.941720
74.000000,4752.004752,4.406604,0.791076,1.956297,15.944456
74.250000,4720.228144,4.406604,0.810444,1.943238,15.944456
74.500000,4784.688995,4.405995,0.830754,1.919446,15.959772
74.750000,4713.738584,4.405144,0.785821,1.950560,15.956610
75.000000,4734.661669,4.405144,0.814665,1.897974,15.956610
75.250000,4739.804483,4.404163,0.820639,1.943828,15.964951
75.500000,4747.774481,4.404163,0.913304,1.993280,15.964951
75.750000,4759.543877,4.409267,0.795940,1.918290,15.970116
76.000000,4973.062578,4.409267,0.947642,2.096123,15.970116
76.250000,4996.876952,4.407123,1.335032,2.615732,15.981401
76.500000,5002.605524,4.407123,1.313937,2.563357,15.981401
76.750000,4994.277390,4.411786,1.321236,2.624119,15.986466
77.000000,5001.562988,4.411786,1.336369,2.562197,15.986466
77.250000,4975.124378,4.412107,1.371431,2.562420,15.994842
77.500000,4917.528942,4.412107,1.329156,2.598669,15.994842
77.750000,4955.094456,4.411986,1.322928,2.625758,16.004019
78.000000,4986.494910,4.411237,1.325595,2.600931,16.008977
78.250000,4969.973079,4.411237,1.292639,2.504184,16.008977
78.500000,4994.797086,4.416254,1.303558,2.603119,16.010569
78.750000,4989.086374,4.416254,1.275736,2.577099,16.010569
79.000000,4945.394601,4.414398,1.288077,2.525799,16.015027
79.250000,4989.604990,4.414398,1.340487,2.599976,16.015027
79.500000,4977.187889,4.415129,1.275386,2.560707,16.019516
79.750000,5157.962605,4.415129,1.442940,2.957611,16.019516
80.000000,5197.055002,4.415115,1.751341,3.156872,16.021300
80.250000,5220.796171,4.415115,1.796458,3.172217,16.021300
80.500000,5224.205485,4.420335,1.810953,3.195504,16.030280
80.750000,5212.292323,4.420335,1.766174,3.171275,16.030280
81.000000,5182.465990,4.421734,1.842080,3.207471,16.026919
81.250000,5186.385737,4.421734,1.760809,3.142226,16.026919
81.500000,5215.690536,4.420346,1.798834,3.155366,16.040648
81.750000,5198.180637,4.423810,1.776467,3.199977,16.041264
82.000000,5240.746806,4.423810,1.818876,3.249118,16.041264
82.250000,5215.123859,4.423220,1.834499,3.240152,16.037119
82.500000,5172.413793,4.423220,1.768300,3.162564,16.037119
82.750000,5360.134003,4.423461,2.034415,3.774249,16.049533
83.000000,5434.782609,4.423461,2.230707,3.655682,16.049533
83.250000,5437.245129,4.422651,2.229307,3.650314,16.051849
83.500000,5410.279531,4.422651,2.219723,3.649645,16.051849
83.750000,5432.937182,4.425726,2.243082,3.670338,16.068784
84.000000,5480.077634,4.425726,2.232022,3.671614,16.068784
84.250000,5475.076993,4.426356,2.279010,3.649360,16.067767
84.500000,5449.591281,4.426356,2.198135,3.654620,16.067767
84.750000,5418.830436,4.427674,2.256583,3.630223,16.079210
85.000000,5404.188246,4.426674,2.240136,3.701540,16.080334
85.250000,5434.167327,4.426674,2.213881,3.671617,16.080334
85.500000,5418.218761,4.428117,2.248197,3.689642,16.068251
85.750000,5480.703357,4.428117,2.229880,3.662758,16.068251
86.000000,5442.793968,4.427781,2.239458,3.688423,16.065008
86.250000,5431.093007,4.427781,2.285843,3.688496,16.065008
86.500000,5432.322318,4.425775,2.251709,3.670037,16.068026
86.750000,5448.972642,4.425775,2.256943,3.643631,16.068026
87.000000,5416.384563,4.427080,2.244584,3.730338,16.067966
87.250000,5442.793968,4.427080,2.229329,3.691404,16.067966
87.500000,5488.223188,4.427229,2.293023,3.746648,16.072091
87.750000,5666.391217,4.427229,2.556803,4.273000,16.072091
88.000000,5687.203791,4.427904,2.631172,4.092361,16.065471
88.250000,5691.249704,4.427904,2.614480,4.084634,16.065471
88.500000,5662.380559,4.429836,2.666558,4.034376,16.057388
88.750000,5669.068147,4.429368,2.640691,4.048843,16.058149
89.000000,5719.051591,4.429368,2.679943,4.158001,16.058149
89.250000,5688.551790,4.431366,2.730906,4.072701,16.078716
89.500000,5657.708628,4.431366,2.694383,4.030920,16.078716
89.750000,5687.203791,4.432885,2.647533,4.013096,16.079768
90.000000,5724.508050,4.432885,2.703675,4.147776,16.079768
90.250000,5655.708731,4.433743,2.645041,4.166326,16.092428
90.500000,5712.925494,4.433743,2.683282,4.079396,16.092428
90.750000,5708.848716,4.432313,2.691661,4.182297,16.098688
91.000000,5700.035625,4.432313,2.610921,4.142199,16.098688
91.250000,5662.380559,4.435134,2.661615,4.122078,16.112620
91.500000,5691.249704,4.435134,2.688429,4.073706,16.112620
91.750000,5712.925494,4.436293,2.706161,4.214985,16.114759
92.000000,5708.169818,4.432457,2.631527,4.068980,16.109196
92.250000,5671.747607,4.432457,2.657268,4.213092,16.109196
92.500000,5641.748942,4.430937,2.668284,4.208109,16.102444
92.750000,5732.027705,4.430937,2.721883,4.084625,16.102444
93.000000,5649.717514,4.432367,2.726124,4.144744,16.095753
93.250000,5679.129200,4.432367,2.701903,4.188863,16.095753
93.500000,5674.429602,4.430420,2.730782,4.059081,16.086673
93.750000,5680.473373,4.430420,2.685923,4.195848,16.086673
94.000000,5683.163628,4.431154,2.679415,4.136192,16.090301
94.250000,5758.848230,4.431154,2.696092,4.230847,16.090301
94.500000,5942.064868,4.431204,3.031114,4.771613,16.091361
94.750000,5933.984423,4.431204,3.053352,4.630953,16.091361
95.000000,5825.242718,4.433433,2.985067,4.310815,16.080938
95.250000,5830.903790,4.433433,2.967826,4.519257,16.080938
95.500000,5758.157390,4.438100,2.900436,4.466049,16.063769
95.750000,5740.253528,4.434817,2.776533,4.086551,16.069237
96.000000,5836.575875,4.434817,2.712081,4.186070,16.069237
96.250000,5936.920223,4.431437,3.102246,4.772282,16.075243
96.500000,5917.889286,4.431437,3.093288,4.595217,16.075243
96.750000,5945.745076,4.435440,3.108757,4.671972,16.073925
97.000000,5945.745076,4.435440,3.135348,4.666769,16.073925
97.250000,5932.517612,4.435658,3.082408,4.603469,16.084176
97.500000,5927.389479,4.435658,3.118238,4.665834,16.084176
97.750000,5896.081562,4.433615,3.040579,4.616876,16.092825
98.000000,5925.194420,4.433615,3.091277,4.604446,16.092825
98.250000,5953.119186,4.435267,3.068715,4.587448,16.097210
98.500000,5944.272446,4.435267,3.111112,4.625857,16.097210
98.750000,5863.669680,4.437224,3.081699,4.587813,16.107566
99.000000,5904.785336,4.436806,3.132727,4.666064,16.115750
99.250000,5925.194420,4.436806,3.087027,4.569114,16.115750
99.500000,5739.567141,4.438403,3.066145,4.642570,16.129156
99.750000,5791.505792,4.438403,2.772107,4.455840,16.129156
100.000000,5855.800903,4.437160,2.839177,4.396540,16.145460
100.250000,5862.237421,4.437160,2.868213,4.396805,16.145460
100.500000,5799.903335,4.436977,2.948784,4.452504,16.167008
100.750000,5851.517737,4.436977,2.940358,4.484689,16.167008
101.000000,5892.462558,4.436900,2.946912,4.492705,16.178948
101.250000,5875.872200,4.436900,2.989894,4.489324,16.178948
101.500000,5898.255100,4.437164,2.948937,4.533114,16.193049
101.750000,5882.352941,4.437164,3.000472,4.469667,16.193049
102.000000,5891.016200,4.437381,2.980234,4.569240,16.190534
102.250000,5906.238464,4.438193,3.063252,4.589814,16.206369
102.500000,5864.386072,4.438193,3.035577,4.537642,16.206369
102.750000,5846.528624,4.437566,3.021534,4.561390,16.216700
103.000000,5881.632153,4.437566,3.053902,4.569969,16.216700
103.250000,5930.318755,4.439264,3.042784,4.543322,16.228336
103.500000,5875.152999,4.439264,3.062743,4.569745,16.228336
103.750000,5922.270204,4.439309,3.057512,4.599884,16.247301
104.000000,5930.318755,4.439309,3.078464,4.571752,16.247301
104.250000,5878.750765,4.443394,3.061372,4.606962,16.247004
104.500000,5874.433974,4.443394,3.075732,4.571951,16.247004
104.750000,5885.959534,4.442459,3.057440,4.621326,16.237941
105.000000,5912.058135,4.442459,3.019469,4.630459,16.237941
105.250000,5945.008670,4.440074,3.069044,4.646013,16.239176
105.500000,5919.348872,4.440074,3.069252,4.626882,16.239176
105.750000,5873.715125,4.435816,3.078226,4.616692,16.239113
106.000000,5882.352941,4.438198,3.096546,4.561803,16.225038
106.250000,5932.517612,4.438198,3.043124,4.639500,16.225038
106.500000,6174.427579,4.439098,3.135346,4.743395,16.238089
106.750000,6178.401339,4.439098,3.469467,4.938538,16.238089
107.000000,6357.615894,4.437503,3.903146,5.695295,16.235194
107.250000,6389.776358,4.437503,3.932307,5.499068,16.235194
107.500000,6369.426752,4.443317,3.923471,5.501273,16.241094
107.750000,6382.130036,4.443317,3.972908,5.594184,16.241094
108.000000,6362.672322,4.444145,3.970009,5.563966,16.253433
108.250000,6376.195537,4.444145,3.969382,5.530848,16.253433
108.500000,6369.426752,4.446303,3.976135,5.533060,16.251361
108.750000,6621.602980,4.446303,3.973562,5.542390,16.251361
109.000000,6608.839323,4.444854,4.396735,5.979124,16.250314
109.250000,6622.516556,4.445218,4.395067,5.934481,16.259223
109.500000,6650.963004,4.445218,4.428827,5.989702,16.259223
109.750000,6619.776583,4.446703,4.420217,5.913470,16.259673
110.000000,6576.243321,4.446703,4.417368,6.052295,16.259673
110.250000,6569.942513,4.445652,4.336662,5.939155,16.255658
110.500000,6602.475928,4.445652,4.418848,5.922780,16.255658
110.750000,6658.343737,4.447479,4.452264,6.081276,16.267787
111.000000,6598.845202,4.447479,4.388853,5.922452,16.267787
111.250000,6831.767720,4.446493,4.760856,6.648951,16.275888
111.500000,6826.909401,4.446493,4.850081,6.379354,16.275888
111.750000,6813.342796,4.446810,4.849119,6.320530,16.274759
112.000000,6859.102601,4.446810,4.883472,6.450896,16.274759
112.250000,6806.579694,4.449638,4.921443,6.425986,16.288602
112.500000,6863.025450,4.449638,4.855989,6.482817,16.288602
112.750000,6846.384253,4.451128,4.898893,6.492780,16.291742
113.000000,6822.057987,4.447016,4.878811,6.453116,16.302500
113.250000,6854.205341,4.447016,4.864891,6.408068,16.302500
113.500000,6763.421164,4.448212,4.878950,6.461310,16.303352
113.750000,6783.493499,4.448212,4.897050,6.420901,16.303352
114.000000,6845.407872,4.451385,4.927942,6.512627,16.319167
114.250000,6808.510638,4.451385,4.862976,6.462415,16.319167
114.500000,6812.375816,4.450177,4.845787,6.474984,16.323235
114.750000,6842.480399,4.450177,4.835129,6.298838,16.323235
115.000000,6855.184233,4.448960,4.865014,6.407387,16.333483
115.250000,6860.082893,4.448960,4.869052,6.413203,16.333483
115.500000,6841.505131,4.451577,4.852241,6.384824,16.344685
115.750000,6789.250354,4.451577,4.905902,6.373227,16.344685
116.000000,6840.530141,4.451314,4.886142,6.494978,16.346195
116.250000,7031.936713,4.451037,5.201292,7.088877,16.359033
116.500000,7055.710716,4.451037,5.357089,6.906409,16.359033
116.750000,7076.514816,4.455538,5.378482,6.840851,16.356752
117.000000,7022.677396,4.455538,5.338658,6.893758,16.356752
117.250000,7099.541488,4.457098,5.356358,6.938184,16.347225
117.500000,7089.056269,4.457098,5.378044,6.834764,16.347225
117.750000,7042.253521,4.455891,5.321464,6.895620,16.356101
118.000000,7037.091336,4.455891,5.356290,6.975572,16.356101
118.250000,7079.646018,4.459104,5.365391,6.946992,16.354074
118.500000,7035.028580,4.459104,5.364643,6.912265,16.354074
118.750000,7046.388726,4.459476,5.339419,6.869365,16.361606
119.000000,6978.772899,4.459476,5.344329,6.922597,16.361606
119.250000,7123.775601,4.458048,5.351150,6.844302,16.361351
119.500000,7039.155301,4.458048,5.311183,6.879450,16.361351
119.750000,7037.091336,4.462167,5.349086,6.964894,16.374708
120.000000,7071.302298,4.461166,5.354346,6.867488,16.372635
120.250000,7057.785620,4.461166,5.324246,6.897372,16.372635
120.500000,7026.789635,4.460807,5.344354,6.928329,16.388334
120.750000,7040.187738,4.460807,5.321474,6.892459,16.388334
121.000000,7020.623080,4.460736,5.334677,6.854813,16.398623
121.250000,7089.056269,4.460736,5.393259,6.985204,16.398623
121.500000,7062.978222,4.460410,5.376750,6.864043,16.415306
121.750000,7223.476298,4.460410,5.384472,7.078734,16.415306
122.000000,7295.941632,4.462327,5.784986,7.341460,16.417896
122.250000,7191.011236,4.462327,5.782219,7.342583,16.417896
122.500000,7090.103397,4.462968,5.364596,6.734694,16.429087
122.750000,7049.493318,4.462968,5.359112,6.914874,16.429087
123.000000,7040.187738,4.462476,5.340182,6.937354,16.443142
123.250000,7060.900265,4.460011,5.320075,6.998159,16.450544
123.500000,7179.180377,4.460011,5.363403,6.961482,16.450544
123.750000,7272.727273,4.458033,5.768675,7.406210,16.449854
124.000000,7561.436673,4.458033,6.177469,8.059779,16.449854
124.250000,7670.182167,4.461270,6.723760,8.316759,16.448753
124.500000,7633.587786,4.461270,6.725745,8.276383,16.448753
124.750000,7611.798287,4.467707,6.718269,8.311493,16.457288
125.000000,7673.860911,4.467707,6.725532,8.282777,16.457288
125.250000,7713.321549,4.467588,6.741544,8.270221,16.458998
125.500000,7765.733700,4.467588,6.730712,8.313956,16.458998
125.750000,7807.417046,4.468790,7.157949,8.729729,16.473170
126.000000,7926.023778,4.468790,7.190057,8.731520,16.473170
126.250000,7812.500000,4.467915,7.147719,8.691920,16.477668
126.500000,7848.266841,4.467915,7.147165,8.698041,16.477668
126.750000,8034.817543,4.469872,7.556856,9.196054,16.472604
127.000000,8018.710324,4.473548,7.606763,9.061547,16.476849
127.250000,7996.001999,4.473548,7.607710,9.057094,16.476849
127.500000,8001.333556,4.477132,7.583257,9.096627,16.481942
127.750000,7982.704141,4.477132,7.604131,9.149864,16.481942
128.000000,8017.370970,4.475313,7.603683,9.044546,16.488763
128.250000,8045.591686,4.475313,7.585966,9.040622,16.488763
128.500000,8048.289738,4.476825,7.596529,9.091393,16.496169
128.750000,7950.969024,4.476825,7.643134,9.063190,16.496169
129.000000,7981.376787,4.477214,7.592261,9.026209,16.516447
129.250000,7997.334222,4.477214,7.595222,9.051640,16.516447
129.500000,7961.519323,4.476061,7.602747,9.062381,16.544327
129.750000,7980.049875,4.476061,7.626395,9.092699,16.544327
130.000000,7997.334222,4.477360,7.621065,9.111347,16.575799
130.250000,7953.603977,4.475122,7.617493,8.979128,16.601050
130.500000,8005.336891,4.475122,7.596619,9.082933,16.601050
130.750000,8028.098344,4.479100,7.601846,8.983251,16.614126
131.000000,8037.508372,4.479100,7.604291,9.126317,16.614126
131.250000,8048.289738,4.477233,7.631101,9.032768,16.651878
131.500000,7998.666889,4.477233,7.598404,9.015362,16.651878
131.750000,7962.840080,4.477541,7.601654,9.183130,16.677756
132.000000,7933.884298,4.477541,7.569284,9.049711,16.677756
132.250000,8012.018027,4.477996,7.607774,9.163160,16.687601
132.500000,7998.666889,4.477996,7.616899,9.112015,16.687601
132.750000,7980.049875,4.475003,7.637443,9.043592,16.694237
133.000000,7944.389275,4.475003,7.608311,9.040403,16.694237
133.250000,8040.201005,4.472401,7.601661,9.150650,16.702090
133.500000,8046.940486,4.472401,7.614301,9.048521,16.702090
133.750000,8002.667556,4.473763,7.568973,9.088710,16.706086
134.000000,7974.746636,4.474288,7.607526,9.046532,16.712814
134.250000,7990.677543,4.474288,7.580223,9.113661,16.712814
134.500000,7988.017973,4.473419,7.601348,9.060581,16.719740
134.750000,7973.421927,4.473419,7.546647,9.105923,16.719740
135.000000,7962.840080,4.473532,7.591727,9.059742,16.731188
135.250000,7986.688852,4.473532,7.609104,9.080254,16.731188
135.500000,8036.162732,4.474147,7.621027,8.955384,16.733277
135.750000,8013.355593,4.474147,7.578784,9.094219,16.733277
136.000000,8008.008008,4.476415,7.591878,9.018121,16.738283
136.250000,7985.360173,4.476415,7.591519,9.156975,16.738283
136.500000,7985.360173,4.473820,7.587035,9.007559,16.729879
136.750000,8030.784675,4.473820,7.563960,9.059959,16.729879
137.000000,8006.672227,4.475302,7.548795,9.084504,16.742033
137.250000,8036.162732,4.477281,7.551232,9.090006,16.750995
137.500000,8041.547998,4.477281,7.576495,9.094839,16.750995
137.750000,8032.128514,4.480066,7.570819,9.075676,16.766168
138.000000,8002.667556,4.480066,7.546761,9.198484,16.766168
138.250000,8093.070309,4.475639,7.557188,9.134486,16.777613
138.500000,8198.121264,4.475639,7.943517,9.671815,16.777613
138.750000,8134.214540,4.479361,7.964107,9.449590,16.783889
139.000000,8090.342154,4.479361,7.974314,9.347786,16.783889
139.250000,8139.732067,4.481101,7.969496,9.494539,16.781745
139.500000,8170.212766,4.481101,7.977753,9.490309,16.781745
139.750000,8195.321837,4.478749,8.000105,9.412672,16.784538
140.000000,8138.351984,4.478749,7.967867,9.415761,16.784538
140.250000,8182.748040,4.479326,7.994547,9.507205,16.783559
140.500000,8134.214540,4.480717,8.054251,9.438632,16.782172
140.750000,8102.633356,4.480717,7.976464,9.485666,16.782172
141.000000,8163.265306,4.479384,7.943654,9.416351,16.769606
141.250000,8121.827411,4.479384,7.982051,9.499140,16.769606
141.500000,8163.265306,4.477189,7.959080,9.490144,16.759474
141.750000,8124.576845,4.477189,7.968929,9.422254,16.759474
142.000000,8105.369807,4.475017,7.958299,9.343433,16.762400
142.250000,8093.070309,4.475017,7.980472,9.369192,16.762400
142.500000,8253.094911,4.474735,7.984226,9.517284,16.756858
142.750000,8285.862248,4.474735,8.288058,9.942901,16.756858
143.000000,8254.514187,4.476910,8.339899,9.725552,16.746576
143.250000,8303.061754,4.476910,8.327683,9.751836,16.746576
143.500000,8255.933953,4.477494,8.325382,9.710949,16.745288
143.750000,8274.435442,4.482208,8.343142,9.736745,16.742292
144.000000,8229.041660,4.482208,8.331151,9.741321,16.742292
144.250000,8285.862248,4.481137,8.345696,9.840585,16.746478
144.500000,8243.173622,4.481137,8.346635,9.733281,16.746478
144.750000,8323.218311,4.479732,8.373002,9.715213,16.743878
145.000000,8285.862248,4.479732,8.361818,9.790789,16.743878
145.250000,8246.005841,4.483156,8.364018,9.774080,16.741263
145.500000,8305.935283,4.483156,8.373466,9.923863,16.741263
145.750000,8321.775312,4.481203,8.335987,9.761453,16.757551
146.000000,8265.886000,4.481203,8.376115,9.828295,16.757551
146.250000,8314.567816,4.480648,8.353761,9.912325,16.760925
146.500000,8223.402433,4.480648,8.362772,9.796562,16.760925
146.750000,8320.332813,4.481475,8.362744,9.791969,16.759886
147.000000,8291.587494,4.481475,8.380216,9.812060,16.759886
147.250000,8290.155440,4.483065,8.373927,9.793071,16.759556
147.500000,8267.309680,4.483303,8.357511,9.826616,16.758413
147.750000,8326.105811,4.483303,8.360490,9.817149,16.758413
148.000000,8280.144903,4.482984,8.408765,9.794328,16.760581
148.250000,8307.372793,4.482984,8.337888,9.744180,16.760581
148.500000,8303.061754,4.483979,8.368470,9.792020,16.767774
148.750000,8339.124392,4.483979,8.379814,9.758386,16.767774
149.000000,8310.249307,4.482083,8.364178,9.738446,16.767183
149.250000,8186.935016,4.482083,8.380509,9.860285,16.767183
149.500000,8277.289188,4.483461,8.368830,9.786515,16.766383
149.750000,8233.276158,4.483461,8.359717,9.790488,16.766383
150.000000,6365.203554,4.486029,8.267767,9.310612,16.769859
150.250000,4264.392324,4.486029,1.894728,0.327040,16.769859
150.500000,3672.251549,4.486426,-0.069679,-0.039302,16.761412
150.750000,3487.865136,4.443117,-0.370091,-0.065847,16.768616
151.000000,3407.155026,4.443117,-0.469203,-0.054423,16.768616
151.250000,3364.171573,4.418694,-0.585858,-0.079783,16.775774
151.500000,3331.482510,4.418694,-0.623119,-0.110161,16.775774
151.750000,3305.785124,4.412279,-0.617731,-0.115618,16.785239
152.000000,3307.379591,4.412279,-0.677260,-0.117102,16.785239
152.250000,3298.289013,4.412314,-0.642706,-0.122640,16.788866
152.500000,3281.826884,4.412314,-0.640745,-0.114535,16.788866
152.750000,3307.607497,4.413650,-0.639817,-0.118482,16.790803
153.000000,3289.022886,4.413650,-0.612730,-0.121448,16.790803
153.250000,3305.329844,4.414136,-0.670206,-0.119461,16.809570
153.500000,3288.572212,4.414136,-0.623070,-0.115994,16.809570
153.750000,3268.418902,4.414040,-0.599745,-0.122901,16.820179
154.000000,3328.248509,4.413640,-0.620248,-0.129201,16.825388
154.250000,3303.509979,4.413640,-0.649824,-0.125847,16.825388
154.500000,3269.086699,4.412626,-0.670158,-0.123135,16.827986
154.750000,3298.742354,4.412626,-0.671619,-0.124375,16.827986
155.000000,3291.278113,4.415791,-0.633328,-0.130280,16.835518
155.250000,3298.969072,4.415791,-0.676555,-0.126079,16.835518
155.500000,3291.052451,4.415192,-0.616542,-0.125774,16.830107
155.750000,3265.750442,4.415192,-0.644365,-0.127477,16.830107
156.000000,3296.929734,4.411746,-0.667694,-0.128459,16.834781
156.250000,3291.729530,4.411746,-0.647188,-0.128156,16.834781
156.500000,3294.892916,4.414314,-0.647681,-0.117520,16.851770
156.750000,3297.835795,4.414314,-0.627906,-0.131069,16.851770
157.000000,3297.609233,4.414556,-0.642957,-0.125792,16.853317
157.250000,3308.063405,4.414556,-0.687822,-0.126942,16.853317
157.500000,3309.660070,4.414445,-0.634586,-0.124263,16.855777
157.750000,3298.062388,4.414027,-0.602608,-0.124580,16.855925
158.000000,3317.437280,4.414027,-0.652723,-0.127930,16.855925
158.250000,3333.101868,4.415375,-0.619482,-0.125260,16.850947
158.500000,3285.870756,4.415375,-0.614146,-0.129340,16.850947
158.750000,3319.731655,4.413301,-0.622530,-0.123703,16.845205
159.000000,3279.136494,4.413301,-0.629807,-0.124765,16.845205
159.250000,3292.406887,4.414171,-0.645540,-0.128288,16.846323
159.500000,3308.975596,4.414171,-0.601796,-0.129640,16.846323
159.750000,3294.214536,4.412531,-0.687027,-0.129364,16.841337
160.000000,3319.502075,4.412531,-0.642766,-0.134658,16.841337
160.250000,3291.052451,4.415484,-0.613295,-0.124743,16.841203
160.500000,3302.146395,4.415484,-0.662465,-0.128949,16.841203
160.750000,3316.291281,4.418081,-0.627747,-0.130758,16.853064
161.000000,3289.699130,4.414789,-0.606994,-0.129820,16.848264
161.250000,3309.431881,4.414789,-0.664265,-0.132070,16.848264
161.500000,3316.520417,4.416385,-0.626338,-0.130317,16.858769
161.750000,3292.632734,4.416385,-0.633212,-0.121407,16.858769
162.000000,3300.330033,4.412469,-0.654202,-0.130323,16.865419
162.250000,3301.692117,4.412469,-0.637324,-0.133904,16.865419
162.500000,3313.544112,4.413269,-0.685328,-0.127002,16.862075
162.750000,3312.400800,4.413269,-0.627765,-0.120738,16.862075
163.000000,3296.024171,4.415132,-0.632560,-0.128074,16.859538
163.250000,3317.666575,4.415132,-0.638189,-0.126553,16.859538
163.500000,3294.666758,4.415719,-0.630560,-0.113962,16.858421
163.750000,3325.942350,4.415719,-0.700241,-0.127976,16.858421
164.000000,3297.835795,4.415368,-0.627501,-0.133274,16.855631
164.250000,3298.515668,4.416099,-0.674688,-0.133476,16.862861
164.500000,3319.961267,4.416099,-0.637605,-0.131516,16.862861
164.750000,3303.964758,4.414529,-0.616703,-0.131842,16.867681
165.000000,3325.251126,4.414529,-0.665358,-0.128569,16.867681
165.250000,3295.797858,4.413516,-0.644945,-0.128190,16.878041
165.500000,3318.354649,4.413516,-0.643967,-0.127547,16.878041
165.750000,3311.029868,4.415024,-0.592407,-0.136072,16.867486
166.000000,3305.557468,4.415024,-0.637435,-0.127492,16.867486
166.250000,3327.556326,4.414422,-0.600543,-0.133735,16.866187
166.500000,3307.835435,4.414422,-0.624214,-0.127705,16.866187
166.750000,3304.419661,4.412678,-0.657271,-0.119754,16.862543
167.000000,3325.942350,4.412678,-0.646370,-0.123309,16.862543
167.250000,3299.876255,4.410930,-0.606403,-0.122413,16.856714
167.500000,3296.024171,4.410930,-0.694549,-0.121934,16.856714
167.750000,3340.757238,4.411791,-0.652982,-0.126344,16.849418
168.000000,3304.647160,4.413505,-0.614840,-0.122173,16.857460
168.250000,3322.949117,4.413505,-0.638786,-0.118755,16.857460
168.500000,3319.272526,4.415462,-0.624944,-0.136879,16.864272
168.750000,3296.250515,4.415462,-0.649745,-0.129302,16.864272
169.000000,3336.113428,4.413629,-0.643786,-0.131996,16.862777
169.250000,3303.737353,4.413629,-0.608451,-0.123515,16.862777
169.500000,3308.519438,4.416469,-0.676764,-0.124646,16.849969
169.750000,3316.749585,4.416469,-0.641354,-0.119325,16.849969
170.000000,3283.173735,4.415299,-0.607577,-0.117714,16.854230
170.250000,3316.520417,4.415299,-0.624840,-0.121623,16.854230
170.500000,3333.333333,4.410962,-0.585074,-0.125948,16.863659
170.750000,3337.969402,4.410962,-0.675941,-0.118431,16.863659
171.000000,3303.055326,4.414557,-0.635181,-0.119979,16.864013
171.250000,3296.250515,4.412804,-0.643831,-0.125153,16.864379
171.500000,3317.666575,4.412804,-0.627030,-0.127244,16.864379
171.750000,3294.214536,4.414005,-0.631359,-0.121509,16.862760
172.000000,3312.172233,4.414005,-0.643343,-0.126824,16.862760
172.250000,3305.557468,4.412995,-0.599746,-0.130946,16.873491
172.500000,3307.379591,4.412995,-0.680952,-0.125812,16.873491
172.750000,3334.259517,4.415657,-0.633515,-0.126805,16.878360
173.000000,3289.248270,4.415657,-0.602183,-0.128631,16.878360
173.250000,3328.017749,4.415280,-0.638868,-0.121206,16.883342
173.500000,3295.345325,4.415280,-0.639333,-0.130541,16.883342
173.750000,3298.969072,4.416044,-0.613588,-0.123530,16.895739
174.000000,3308.291405,4.416044,-0.644994,-0.130082,16.895739
174.250000,3292.858613,4.417401,-0.607132,-0.122819,16.891960
174.500000,3301.010935,4.414950,-0.682151,-0.126879,16.900423
174.750000,3302.373581,4.414950,-0.585801,-0.128344,16.900423
175.000000,3291.503806,4.417627,-0.596115,-0.122267,16.902591
175.250000,3323.409264,4.417627,-0.670896,-0.124418,16.902591
175.500000,3303.509979,4.412982,-0.606124,-0.122096,16.912484
175.750000,3312.172233,4.412982,-0.658516,-0.126368,16.912484
176.000000,3315.833103,4.411263,-0.631486,-0.118517,16.921399
176.250000,3301.237964,4.411263,-0.590750,-0.118903,16.921399
176.500000,3320.190911,4.414828,-0.662148,-0.120316,16.920986
176.750000,3308.747501,4.414828,-0.589092,-0.124017,16.920986
177.000000,3309.660070,4.414651,-0.666860,-0.117178,16.932165
177.250000,3305.557468,4.414651,-0.605227,-0.130221,16.932165
177.500000,3300.556969,4.415183,-0.635601,-0.124126,16.939229
177.750000,3311.258278,4.415183,-0.685843,-0.125005,16.939229
178.000000,3307.151716,4.415291,-0.581021,-0.127941,16.939389
178.250000,3309.660070,4.416228,-0.642330,-0.124176,16.937551
178.500000,3335.186215,4.416228,-0.641885,-0.132460,16.937551
178.750000,3307.151716,4.416374,-0.605073,-0.133130,16.941788
179.000000,3304.874690,4.416374,-0.634581,-0.129672,16.941788
179.250000,3317.437280,4.414324,-0.618121,-0.131203,16.945451
179.500000,3299.422601,4.414324,-0.650340,-0.111776,16.945451
179.750000,3314.230477,4.419036,-0.634606,-0.125493,16.960442
180.000000,3312.858030,4.419036,-0.545775,-0.130106,16.960442
180.250000,3314.688212,4.418485,-0.624123,-0.133871,16.958564
180.500000,3315.833103,4.418485,-0.613177,-0.133069,16.958564
180.750000,3310.573143,4.417304,-0.651840,-0.122594,16.958865
181.000000,3315.833103,4.417304,-0.660460,-0.121135,16.958865
181.250000,3302.600798,4.417205,-0.606629,-0.126048,16.967982
181.500000,3322.949117,4.414864,-0.656493,-0.135192,16.966915
181.750000,3291.503806,4.414864,-0.592892,-0.127485,16.966915
182.000000,3308.975596,4.411377,-0.585127,-0.124691,16.974106
182.250000,3328.710125,4.411377,-0.654974,-0.127183,16.974106
182.500000,3308.291405,4.412703,-0.593702,-0.126897,16.971243
182.750000,3324.099723,4.412703,-0.680111,-0.129248,16.971243
183.000000,3298.062388,4.410653,-0.578995,-0.131462,16.975553
183.250000,3308.063405,4.410653,-0.660430,-0.118048,16.975553
183.500000,3304.647160,4.412088,-0.648504,-0.126841,16.990077
183.750000,3304.419661,4.412088,-0.599463,-0.125462,16.990077
184.000000,3328.479301,4.414815,-0.634665,-0.135904,16.989480
184.250000,3315.833103,4.414815,-0.603643,-0.123823,16.989480
184.500000,3291.955284,4.413214,-0.621447,-0.125475,16.976291
184.750000,3328.710125,4.413214,-0.637467,-0.126098,16.976291
185.000000,3310.801490,4.417621,-0.572173,-0.135312,16.974343
185.250000,3313.544112,4.415442,-0.644619,-0.124396,16.982831
185.500000,3316.978785,4.415442,-0.596611,-0.130634,16.982831
185.750000,3310.116544,4.415442,-0.609854,-0.120130,16.978547
186.000000,3293.084523,4.415442,-0.581089,-0.130675,16.978547
186.250000,3252.914069,4.239236,-0.564446,-0.116372,16.984816
186.500000,3230.582851,4.239236,-0.605783,-0.122729,16.984816
186.750000,3218.020917,4.257047,-0.589781,-0.121840,16.994516
187.000000,3163.722647,4.257047,-0.548969,-0.117807,16.994516
187.250000,3141.566856,4.105632,-0.520333,-0.122856,16.990633
187.500000,3111.629716,4.105632,-0.516211,-0.113984,16.990633
187.750000,3077.712234,3.921747,-0.549468,-0.106350,17.007195
188.000000,3038.551624,3.921747,-0.550533,-0.119817,17.007195
188.250000,3021.148036,3.744465,-0.520533,-0.113331,17.021256
188.500000,2992.518703,3.595611,-0.527587,-0.115733,17.034845
188.750000,2982.477942,3.595611,-0.520257,-0.113182,17.034845
189.000000,2932.551320,3.445796,-0.530469,-0.102370,17.033836
189.250000,2931.297710,3.445796,-0.514223,-0.107959,17.033836
189.500000,2863.278454,3.294452,-0.520840,-0.109927,17.034802
189.750000,2874.079396,3.294452,-0.467712,-0.107992,17.034802
190.000000,2815.084159,3.142457,-0.498043,-0.104178,17.043893
190.250000,2797.202797,3.142457,-0.488078,-0.112738,17.043893
190.500000,2771.362587,3.001171,-0.489589,-0.096840,17.038745
190.750000,2749.928387,3.001171,-0.456783,-0.102815,17.038745
191.000000,2707.581227,2.856654,-0.460266,-0.096842,17.046581
191.250000,2647.107484,2.856654,-0.439342,-0.097186,17.046581
191.500000,2540.354591,2.694456,-0.364505,-0.090742,17.046350
191.750000,2423.385672,2.694456,-0.325887,-0.080888,17.046350
192.000000,2309.691079,2.381204,-0.281562,-0.077365,17.043957
192.250000,2175.489485,1.859426,-0.302016,-0.061821,17.044863
192.500000,2038.995795,1.859426,-0.253867,-0.064209,17.044863
192.750000,1939.472302,1.300470,-0.223915,-0.055844,17.048826
193.000000,1815.980630,1.300470,-0.233539,-0.052717,17.048826
193.250000,1699.776904,0.768705,-0.245439,-0.058285,17.048993
193.500000,1574.906490,0.768705,-0.219651,-0.064466,17.048993
193.750000,1464.977873,0.300599,-0.166839,-0.053001,17.050132
194.000000,1355.357899,0.300599,-0.173385,-0.128488,17.050132
194.250000,1249.251750,0.012866,-0.161620,-0.046654,17.060590
194.500000,1147.145281,0.012866,-0.169670,-0.023009,17.060590
194.750000,1069.590213,-0.000936,-0.181173,-0.031601,17.063471
195.000000,991.735537,-0.000936,-0.175681,-0.025708,17.063471
